{"stats":{"minecraft:custom":{"minecraft:time_since_rest":74697,"minecraft:waystone_activated":1,"minecraft:crouch_one_cm":1802,"minecraft:play_time":74697,"minecraft:sprint_one_cm":21012,"minecraft:damage_taken":123,"minecraft:walk_one_cm":46379,"minecraft:sneak_time":772,"minecraft:jump":182,"minecraft:damage_dealt":58,"minecraft:leave_game":9,"minecraft:walk_on_water_one_cm":269,"minecraft:time_since_death":74697,"minecraft:total_world_time":74697,"minecraft:interact_with_crafting_table":2,"minecraft:fall_one_cm":5365,"minecraft:fly_one_cm":52494,"minecraft:horse_one_cm":3463},"minecraft:used":{"waystones:waystone":1,"minecraft:dirt":29,"minecraft:crafting_table":1,"minecraft:oak_sapling":4,"minecraft:bread":2,"minecraft:stone_pickaxe":13,"minecraft:wooden_pickaxe":3},"minecraft:picked_up":{"minecraft:stick":8,"minecraft:apple":2,"minecraft:oak_log":7,"minecraft:oak_sapling":4,"minecraft:coal":3,"minecraft:dirt":29,"minecraft:cobblestone":13},"minecraft:mined":{"minecraft:coal_ore":3,"minecraft:grass":2,"minecraft:grass_block":4,"minecraft:oak_log":7,"minecraft:dirt":25,"minecraft:tall_grass":1,"minecraft:stone":13,"minecraft:oak_leaves":82},"minecraft:crafted":{"minecraft:oak_planks":28,"minecraft:crafting_table":1,"minecraft:stick":4,"minecraft:stone_pickaxe":1,"minecraft:wooden_pickaxe":1}},"DataVersion":3465}