{"stats":{"minecraft:picked_up":{"minecraft:dirt":29},"minecraft:mined":{"minecraft:grass":1,"minecraft:tall_grass":1,"minecraft:grass_block":4,"minecraft:dirt":25},"minecraft:used":{"minecraft:dirt":29,"waystones:waystone":1},"minecraft:custom":{"minecraft:jump":54,"minecraft:leave_game":6,"minecraft:time_since_rest":52499,"minecraft:waystone_activated":1,"minecraft:damage_dealt":30,"minecraft:crouch_one_cm":1534,"minecraft:sprint_one_cm":6055,"minecraft:play_time":52499,"minecraft:damage_taken":23,"minecraft:time_since_death":52499,"minecraft:walk_one_cm":33851,"minecraft:sneak_time":540,"minecraft:total_world_time":52499,"minecraft:fall_one_cm":876,"minecraft:fly_one_cm":26479,"minecraft:horse_one_cm":1761}},"DataVersion":3465}