{"stats":{"minecraft:custom":{"minecraft:time_since_rest":1,"minecraft:waystone_activated":1,"minecraft:sprint_one_cm":32928,"minecraft:damage_taken":503,"minecraft:walk_one_cm":53352,"minecraft:mob_kills":2,"minecraft:damage_dealt":218,"minecraft:swim_one_cm":1597,"minecraft:interact_with_crafting_table":3,"minecraft:fly_one_cm":80266,"minecraft:crouch_one_cm":2298,"minecraft:play_time":86603,"minecraft:deaths":1,"minecraft:sneak_time":1195,"minecraft:walk_under_water_one_cm":1276,"minecraft:jump":349,"minecraft:leave_game":14,"minecraft:time_since_death":317,"minecraft:walk_on_water_one_cm":11167,"minecraft:total_world_time":86603,"minecraft:fall_one_cm":8744,"minecraft:horse_one_cm":3463},"minecraft:used":{"waystones:waystone":1,"minecraft:stone_sword":4,"minecraft:bread":4,"minecraft:stone_pickaxe":84,"minecraft:wooden_pickaxe":3,"minecraft:stone_axe":1,"minecraft:torch":2,"minecraft:dirt":29,"minecraft:cobblestone":3,"minecraft:crafting_table":2,"minecraft:oak_sapling":4},"minecraft:killed":{"minecraft:sheep":2},"minecraft:picked_up":{"minecraft:crafting_table":2,"minecraft:stick":8,"minecraft:raw_iron":9,"minecraft:oak_log":7,"minecraft:diorite":3,"minecraft:dirt":29,"minecraft:apple":2,"minecraft:oak_sapling":4,"minecraft:mutton":3,"minecraft:coal":40,"minecraft:white_wool":2,"minecraft:cobblestone":33},"minecraft:mined":{"minecraft:iron_ore":9,"minecraft:crafting_table":2,"minecraft:grass":2,"minecraft:coal_ore":40,"minecraft:grass_block":5,"minecraft:oak_log":7,"minecraft:dirt":25,"minecraft:tall_grass":1,"minecraft:cobblestone":1,"minecraft:stone":34,"minecraft:diorite":3,"minecraft:oak_leaves":82},"minecraft:crafted":{"minecraft:oak_planks":28,"minecraft:crafting_table":1,"minecraft:stick":4,"minecraft:wooden_pickaxe":1,"minecraft:stone_pickaxe":1,"minecraft:stone_sword":1,"minecraft:torch":16,"minecraft:stone_axe":1}},"DataVersion":3465}