{"stats":{"minecraft:mined":{"minecraft:tall_grass":1,"minecraft:grass_block":3,"minecraft:dirt":18},"minecraft:picked_up":{"minecraft:dirt":21},"minecraft:custom":{"minecraft:jump":21,"minecraft:time_since_rest":14380,"minecraft:waystone_activated":1,"minecraft:leave_game":4,"minecraft:crouch_one_cm":1434,"minecraft:sprint_one_cm":5599,"minecraft:play_time":14380,"minecraft:time_since_death":14380,"minecraft:walk_one_cm":14194,"minecraft:sneak_time":455,"minecraft:total_world_time":14380,"minecraft:fly_one_cm":23883},"minecraft:used":{"waystones:waystone":1,"minecraft:dirt":21}},"DataVersion":3465}