{"stats":{"minecraft:mined":{"minecraft:grass":1,"minecraft:tall_grass":1,"minecraft:grass_block":4,"minecraft:dirt":25},"minecraft:picked_up":{"minecraft:dirt":29},"minecraft:custom":{"minecraft:jump":53,"minecraft:time_since_rest":41439,"minecraft:waystone_activated":1,"minecraft:leave_game":6,"minecraft:crouch_one_cm":1534,"minecraft:sprint_one_cm":6055,"minecraft:play_time":41439,"minecraft:damage_taken":23,"minecraft:time_since_death":41439,"minecraft:walk_one_cm":33117,"minecraft:sneak_time":540,"minecraft:total_world_time":41439,"minecraft:fall_one_cm":876,"minecraft:fly_one_cm":26479,"minecraft:damage_dealt":30,"minecraft:horse_one_cm":1761},"minecraft:used":{"waystones:waystone":1,"minecraft:dirt":29}},"DataVersion":3465}