{"stats":{"minecraft:custom":{"minecraft:jump":58,"minecraft:leave_game":8,"minecraft:time_since_rest":63048,"minecraft:waystone_activated":1,"minecraft:damage_dealt":40,"minecraft:crouch_one_cm":1534,"minecraft:sprint_one_cm":6055,"minecraft:play_time":63048,"minecraft:damage_taken":73,"minecraft:time_since_death":63048,"minecraft:walk_one_cm":35223,"minecraft:sneak_time":540,"minecraft:total_world_time":63048,"minecraft:fall_one_cm":876,"minecraft:fly_one_cm":26479,"minecraft:horse_one_cm":3463},"minecraft:used":{"minecraft:dirt":29,"waystones:waystone":1},"minecraft:picked_up":{"minecraft:dirt":29},"minecraft:mined":{"minecraft:grass":1,"minecraft:tall_grass":1,"minecraft:grass_block":4,"minecraft:dirt":25}},"DataVersion":3465}