{"stats":{"minecraft:mined":{"minecraft:tall_grass":1,"minecraft:grass_block":3,"minecraft:dirt":18},"minecraft:picked_up":{"minecraft:dirt":21},"minecraft:custom":{"minecraft:jump":27,"minecraft:time_since_rest":26380,"minecraft:waystone_activated":1,"minecraft:leave_game":4,"minecraft:crouch_one_cm":1435,"minecraft:sprint_one_cm":5599,"minecraft:play_time":26380,"minecraft:time_since_death":26380,"minecraft:walk_one_cm":17690,"minecraft:sneak_time":495,"minecraft:total_world_time":26380,"minecraft:fall_one_cm":209,"minecraft:fly_one_cm":23883,"minecraft:horse_one_cm":1611},"minecraft:used":{"waystones:waystone":1,"minecraft:dirt":21}},"DataVersion":3465}