{"stats":{"minecraft:custom":{"minecraft:time_since_rest":3368,"minecraft:waystone_activated":1,"minecraft:interact_with_furnace":11,"minecraft:sprint_one_cm":36558,"minecraft:damage_taken":420,"minecraft:walk_one_cm":26418,"tombstone:sneak_grave":1,"minecraft:mob_kills":8,"minecraft:drop":3,"minecraft:damage_dealt":1123,"minecraft:interact_with_crafting_table":5,"minecraft:fly_one_cm":103700,"minecraft:crouch_one_cm":10517,"minecraft:deaths":1,"minecraft:play_time":31372,"tombstone:undead_killed":2,"minecraft:sneak_time":3217,"minecraft:walk_under_water_one_cm":609,"tombstone:tomb_raiding":1,"minecraft:jump":412,"minecraft:leave_game":4,"minecraft:time_since_death":5063,"minecraft:walk_on_water_one_cm":5336,"minecraft:total_world_time":31372,"minecraft:fall_one_cm":14162},"minecraft:used":{"minecraft:cooked_mutton":3,"minecraft:stone_sword":13,"minecraft:bread":1,"minecraft:stone_pickaxe":75,"minecraft:wooden_pickaxe":3,"minecraft:cobblestone":7,"minecraft:crafting_table":1,"minecraft:furnace":1,"minecraft:andesite":4,"tombstone:gift":1},"minecraft:killed":{"minecraft:sheep":4,"minecraft:zombie":2,"minecraft:pig":1,"dungeonsweaponry:enchanter":1},"minecraft:picked_up":{"minecraft:raw_iron":19,"minecraft:andesite":4,"minecraft:porkchop":1,"minecraft:oak_log":11,"tombstone:grave_dust":1,"simplehats:hatbag_epic":1,"simplehats:artsy":1,"minecraft:rotten_flesh":1,"minecraft:wheat_seeds":1,"minecraft:emerald":2,"minecraft:mutton":6,"minecraft:coal":22,"minecraft:white_wool":4,"minecraft:cobblestone":34},"minecraft:mined":{"minecraft:iron_ore":18,"minecraft:andesite":4,"minecraft:grass":9,"minecraft:coal_ore":22,"minecraft:oak_log":11,"minecraft:tall_grass":1,"minecraft:stone":34},"minecraft:dropped":{"minecraft:wheat_seeds":3,"minecraft:raw_iron":1,"minecraft:stone_pickaxe":1},"minecraft:crafted":{"minecraft:oak_planks":44,"minecraft:cooked_porkchop":1,"minecraft:crafting_table":1,"minecraft:stick":8,"minecraft:wooden_pickaxe":1,"minecraft:iron_ingot":7,"minecraft:stone_pickaxe":1,"minecraft:stone_sword":1,"minecraft:furnace":1,"minecraft:cooked_mutton":6,"minecraft:air":0}},"DataVersion":3465}