{"stats":{"minecraft:custom":{"minecraft:time_since_rest":19815,"minecraft:waystone_activated":1,"minecraft:crouch_one_cm":2518,"minecraft:play_time":19815,"minecraft:sprint_one_cm":28114,"minecraft:damage_taken":165,"minecraft:walk_one_cm":11367,"minecraft:sneak_time":591,"tombstone:sneak_grave":1,"minecraft:mob_kills":5,"minecraft:drop":1,"tombstone:tomb_raiding":1,"minecraft:jump":257,"minecraft:damage_dealt":543,"minecraft:leave_game":3,"minecraft:time_since_death":19815,"minecraft:total_world_time":19815,"minecraft:fall_one_cm":12026,"minecraft:fly_one_cm":69051},"minecraft:used":{"minecraft:bread":1,"tombstone:gift":1},"minecraft:killed":{"minecraft:sheep":4,"minecraft:pig":1},"minecraft:picked_up":{"minecraft:wheat_seeds":1,"minecraft:porkchop":1,"minecraft:oak_log":11,"minecraft:mutton":6,"minecraft:white_wool":4},"minecraft:dropped":{"minecraft:wheat_seeds":3},"minecraft:mined":{"minecraft:grass":9,"minecraft:oak_log":11,"minecraft:tall_grass":1},"minecraft:crafted":{"minecraft:oak_planks":44,"minecraft:crafting_table":1,"minecraft:stick":4}},"DataVersion":3465}