{"stats":{"minecraft:custom":{"minecraft:jump":220,"minecraft:time_since_rest":1446,"minecraft:damage_taken":493,"minecraft:waystone_activated":1,"minecraft:damage_dealt":180,"minecraft:crouch_one_cm":908,"minecraft:leave_game":1,"minecraft:sprint_one_cm":20701,"minecraft:play_time":15369,"minecraft:walk_one_cm":32687,"minecraft:time_since_death":3100,"minecraft:deaths":1,"minecraft:sneak_time":236,"minecraft:total_world_time":15369,"minecraft:fall_one_cm":6305,"minecraft:fly_one_cm":45978,"minecraft:open_chest":3,"minecraft:horse_one_cm":8},"minecraft:used":{"minecraft:bread":5,"tombstone:gift":2},"minecraft:picked_up":{"minecraft:cyan_wool":3,"minecraft:wheat_seeds":3},"minecraft:mined":{"minecraft:grass":18,"minecraft:cyan_wool":4}},"DataVersion":3465}