{"stats":{"minecraft:custom":{"minecraft:open_chest":7,"minecraft:time_since_rest":13446,"minecraft:waystone_activated":1,"minecraft:crouch_one_cm":1111,"minecraft:play_time":27369,"minecraft:sprint_one_cm":43897,"minecraft:deaths":1,"minecraft:damage_taken":705,"minecraft:walk_one_cm":57655,"minecraft:sneak_time":259,"minecraft:jump":403,"minecraft:damage_dealt":186,"minecraft:leave_game":1,"minecraft:time_since_death":15100,"minecraft:total_world_time":27369,"minecraft:fall_one_cm":9117,"minecraft:fly_one_cm":71395,"minecraft:horse_one_cm":8},"minecraft:used":{"minecraft:torch":1,"minecraft:bread":6,"minecraft:iron_pickaxe":27,"tombstone:gift":2,"minecraft:iron_helmet":1},"minecraft:picked_up":{"minecraft:wheat_seeds":3,"minecraft:brown_bed":1,"minecraft:cyan_wool":8,"minecraft:damaged_anvil":1,"minecraft:coal":24,"minecraft:furnace":1},"minecraft:mined":{"minecraft:grass":20,"minecraft:coal_ore":24,"minecraft:cyan_wool":8,"minecraft:furnace":1,"minecraft:damaged_anvil":1,"minecraft:brown_bed":1},"minecraft:crafted":{"minecraft:torch":16}},"DataVersion":3465}