{"stats":{"minecraft:custom":{"minecraft:time_since_rest":15443,"minecraft:waystone_activated":1,"minecraft:sprint_one_cm":18648,"minecraft:damage_taken":525,"minecraft:walk_one_cm":41102,"minecraft:mob_kills":2,"minecraft:damage_dealt":843,"minecraft:interact_with_crafting_table":2,"minecraft:fly_one_cm":33629,"minecraft:crouch_one_cm":1808,"minecraft:play_time":15443,"tombstone:undead_killed":2,"minecraft:sneak_time":421,"minecraft:jump":182,"minecraft:leave_game":1,"minecraft:time_since_death":15443,"minecraft:total_world_time":15443,"minecraft:fall_one_cm":6802},"minecraft:used":{"minecraft:wooden_axe":1,"minecraft:bread":6,"minecraft:stone_pickaxe":3,"minecraft:wooden_pickaxe":13,"minecraft:wooden_sword":15,"minecraft:crafting_table":2},"minecraft:killed":{"minecraft:skeleton":1,"minecraft:zombie":1},"minecraft:picked_up":{"minecraft:crafting_table":1,"simplehats:cucumbereyemask":1,"simplehats:hatbag_common":2,"simplehats:tophat":1,"minecraft:oak_log":6,"minecraft:arrow":2,"minecraft:bone":1,"minecraft:rotten_flesh":1,"minecraft:apple":1,"minecraft:wheat_seeds":3,"minecraft:oak_sapling":1,"minecraft:cobblestone":16},"minecraft:mined":{"minecraft:crafting_table":1,"minecraft:grass":24,"minecraft:oak_log":6,"minecraft:tall_grass":3,"minecraft:stone":16,"minecraft:oak_leaves":1},"minecraft:crafted":{"minecraft:wooden_sword":1,"minecraft:oak_planks":24,"minecraft:crafting_table":1,"minecraft:stick":8,"minecraft:wooden_pickaxe":1,"minecraft:stone_pickaxe":1,"minecraft:wooden_axe":1}},"DataVersion":3465}