{"stats":{"minecraft:custom":{"minecraft:time_since_rest":4470,"minecraft:waystone_activated":1,"minecraft:sprint_one_cm":31836,"minecraft:damage_taken":1795,"minecraft:walk_one_cm":90749,"minecraft:mob_kills":8,"minecraft:damage_dealt":2088,"minecraft:interact_with_crafting_table":4,"minecraft:fly_one_cm":44080,"minecraft:crouch_one_cm":1905,"minecraft:deaths":4,"minecraft:play_time":27443,"tombstone:undead_killed":8,"minecraft:sneak_time":571,"minecraft:jump":287,"minecraft:leave_game":1,"minecraft:time_since_death":4725,"minecraft:total_world_time":27443,"minecraft:fall_one_cm":8532},"minecraft:used":{"minecraft:wooden_axe":5,"minecraft:bread":12,"minecraft:stone_pickaxe":34,"minecraft:wooden_pickaxe":13,"minecraft:torch":4,"minecraft:stone_axe":3,"minecraft:wooden_sword":45,"minecraft:crafting_table":2,"tombstone:gift":4},"minecraft:killed":{"minecraft:skeleton":3,"minecraft:zombie":5},"minecraft:picked_up":{"minecraft:crafting_table":2,"simplehats:cucumbereyemask":1,"simplehats:hatbag_common":2,"minecraft:torch":2,"simplehats:tophat":1,"minecraft:oak_log":6,"tombstone:grave_dust":4,"minecraft:arrow":5,"minecraft:bone":3,"minecraft:rotten_flesh":4,"minecraft:apple":1,"minecraft:wheat_seeds":3,"minecraft:oak_sapling":1,"minecraft:coal":21,"minecraft:cobblestone":24},"minecraft:mined":{"minecraft:crafting_table":2,"minecraft:glow_lichen":1,"minecraft:grass":24,"minecraft:coal_ore":21,"minecraft:oak_log":6,"minecraft:tall_grass":3,"minecraft:stone":25,"minecraft:oak_leaves":1,"minecraft:wall_torch":2},"minecraft:crafted":{"minecraft:wooden_sword":1,"minecraft:oak_planks":24,"minecraft:crafting_table":1,"minecraft:stick":12,"minecraft:wooden_pickaxe":1,"minecraft:stone_pickaxe":1,"minecraft:wooden_axe":1,"minecraft:torch":4,"minecraft:stone_axe":2}},"DataVersion":3465}