{"stats":{"minecraft:picked_up":{"minecraft:crafting_table":3,"minecraft:stick":4,"minecraft:magma_block":1,"minecraft:cooked_porkchop":3,"minecraft:porkchop":20,"minecraft:oak_log":8,"minecraft:dirt":2,"minecraft:wheat_seeds":1,"minecraft:oak_sapling":3,"minecraft:coal":43,"minecraft:cobblestone":26,"minecraft:furnace":1},"minecraft:crafted":{"minecraft:oak_planks":12,"minecraft:cooked_porkchop":2,"minecraft:crafting_table":1,"minecraft:stick":8,"minecraft:wooden_pickaxe":1,"minecraft:stone_pickaxe":1,"minecraft:stone_sword":1,"minecraft:furnace":1,"minecraft:stone_axe":1,"minecraft:air":0},"minecraft:used":{"minecraft:stone_sword":23,"minecraft:stone_pickaxe":28,"minecraft:wooden_pickaxe":22,"minecraft:stone_axe":7,"minecraft:cobblestone":3,"minecraft:dirt":2,"minecraft:magma_block":1,"minecraft:crafting_table":3,"minecraft:furnace":1,"minecraft:cooked_porkchop":2},"minecraft:killed":{"minecraft:pig":9},"minecraft:dropped":{"minecraft:wheat_seeds":1,"minecraft:oak_sapling":3,"minecraft:wooden_pickaxe":1},"minecraft:custom":{"minecraft:time_since_rest":11454,"minecraft:interact_with_furnace":5,"minecraft:sprint_one_cm":23931,"minecraft:damage_taken":90,"minecraft:walk_one_cm":8990,"minecraft:mob_kills":9,"minecraft:drop":3,"minecraft:damage_dealt":912,"minecraft:swim_one_cm":6880,"minecraft:interact_with_crafting_table":3,"minecraft:fly_one_cm":60005,"minecraft:crouch_one_cm":2361,"minecraft:play_time":11454,"minecraft:sneak_time":1865,"minecraft:walk_under_water_one_cm":12861,"minecraft:jump":251,"minecraft:time_since_death":11454,"minecraft:walk_on_water_one_cm":599,"minecraft:total_world_time":11454,"minecraft:fall_one_cm":8418},"minecraft:mined":{"minecraft:magma_block":1,"minecraft:furnace":1,"minecraft:crafting_table":3,"minecraft:short_grass":9,"minecraft:grass_block":2,"minecraft:oak_log":8,"minecraft:coal_ore":22,"minecraft:tall_grass":3,"minecraft:cobblestone":2,"minecraft:stone":24}},"DataVersion":3953}