{"stats":{"minecraft:picked_up":{"minecraft:stick":4,"minecraft:crafting_table":1,"minecraft:leather":7,"minecraft:wooden_pickaxe":1,"minecraft:oak_log":8,"minecraft:wheat_seeds":1,"minecraft:beef":9,"minecraft:oak_sapling":5,"minecraft:black_wool":1,"minecraft:mutton":6,"minecraft:coal":13,"minecraft:white_wool":3,"minecraft:cobblestone":19},"minecraft:used":{"minecraft:stone_sword":20,"minecraft:stone_pickaxe":24,"minecraft:wooden_pickaxe":7,"minecraft:stone_axe":1,"minecraft:crafting_table":2,"minecraft:furnace":1,"minecraft:cooked_beef":2},"minecraft:crafted":{"minecraft:cooked_beef":4,"minecraft:oak_planks":32,"minecraft:crafting_table":1,"minecraft:stick":8,"minecraft:wooden_pickaxe":1,"minecraft:stone_pickaxe":1,"minecraft:stone_sword":1,"minecraft:furnace":1,"minecraft:stone_axe":1,"minecraft:air":0},"minecraft:dropped":{"minecraft:coal":1},"minecraft:killed":{"minecraft:sheep":4,"minecraft:cow":6},"minecraft:custom":{"minecraft:time_since_rest":11453,"minecraft:interact_with_furnace":4,"minecraft:sprint_one_cm":24333,"minecraft:damage_taken":52,"minecraft:walk_one_cm":19184,"minecraft:mob_kills":10,"minecraft:drop":1,"minecraft:damage_dealt":940,"minecraft:swim_one_cm":578,"minecraft:interact_with_crafting_table":5,"minecraft:fly_one_cm":52764,"minecraft:crouch_one_cm":769,"minecraft:play_time":11453,"minecraft:sneak_time":841,"minecraft:walk_under_water_one_cm":627,"minecraft:jump":279,"minecraft:time_since_death":11453,"minecraft:walk_on_water_one_cm":1552,"minecraft:total_world_time":11453,"minecraft:fall_one_cm":8112},"minecraft:mined":{"minecraft:crafting_table":1,"minecraft:short_grass":3,"minecraft:oak_log":8,"minecraft:coal_ore":12,"minecraft:stone":19,"minecraft:oak_leaves":2}},"DataVersion":3953}